Year,Emissions.CO2 Emissions from Fossil use,Emissions.CO2 Emissions from Food and Land Use,Emissions.Total N2O Emissions,Emissions.N2O non AFOLU Emissions,Emissions.Total CH4 Emissions,Emissions.Total SO2 Emissions,Minor GHGs Forcing.Montreal Gases Effective Radiative Forcing,Ozone Forcing.Montreal gases equivalent effective stratospheric chlorine,Natural Forcing.Baseline Effective Radiative Forcing from Solar Output Variations,Natural Forcing.Baseline Effective Radiative Forcing from Volcanoes,Emissions.HFC134a eq Emissions
1750,9.306316740073434,0.0,1023.996928526115,7.620962796590008,41.93349361104804,2.415663206899377,0.0,344.3627591056,0.097800073,0.24641247,0.0
1751,9.40761215208106,22.20696646500305,1026.8908864064251,9.2744803769,42.05635089097871,2.416896718423564,-1.7110334080656122e-10,344.36275828667266,0.079453784,0.246419681,0.0
1752,9.505554867326634,44.4139329300061,1029.691307194725,10.834450165200002,42.179184876434334,2.4180603640802976,6.246976186321534e-10,344.36275828667266,0.049375854,0.246422103,0.0
1753,9.61088084374766,66.62089939500915,1032.491680592725,12.394383263200002,42.30194121363978,2.419118434941096,1.4204985780964652e-09,344.36275828667266,0.013198096,0.246422921,0.0
1754,9.733977945082303,88.8278658600122,1035.2921013810248,13.954353051500002,42.42467314710947,2.420244885774176,2.2162995375351808e-09,344.36275828667266,-0.021216797,-0.116728684,0.0
1755,9.79386846811593,111.03483232501526,1038.092511576325,15.5143229468,42.54735516384691,2.421179935286677,3.012100496973896e-09,344.36275828667266,-0.045694116,-0.00449655,0.0
1756,9.910318802317931,133.2417987900183,1040.8993532848249,17.080713655300002,42.67462730142975,2.428677898788893,3.807901456412611e-09,344.36275828667266,-0.053276001,0.156275043,0.0
1757,10.094347045134755,155.44876525502136,1043.699763801125,18.6406838716,42.79720726618126,2.4298005982276205,4.603702415876922e-09,344.36275828667266,-0.034134082,0.215874996,0.0
1758,10.216773607116988,177.6557317200244,1046.500173675425,20.2006534459,42.9197362049398,2.4301616415818934,5.3995033753156385e-09,344.36275828667266,0.017223047,0.236149688,0.0
1759,10.339277116238025,199.86269818502743,1049.300594249725,21.7606230202,43.04221522696611,2.431489073590736,6.195304334754353e-09,344.36275828667266,0.067722144,0.242971751,0.0
1760,10.51476056249844,222.0696646500305,1052.1009674337251,23.320555904200003,43.16461660074224,2.432088826785452,6.991105294193068e-09,344.36275828667266,0.092605078,0.245263888,0.0
1761,10.748324441955925,244.27663111503355,1054.936598080725,24.8892637512,43.28702130230052,2.442368761867767,7.786906253631782e-09,344.36275828667266,0.086458447,0.24603386,0.0
1762,10.95264474451947,266.4835975800366,1057.762688019225,26.448430889700003,43.40248092251201,2.4429568428170905,8.582707213096095e-09,344.36275828667266,0.064368018,-0.890820615,0.0
1763,11.192049278226916,288.69056404503965,1060.588777957725,28.007598028200004,43.51788840746981,2.4442521172932805,9.37850817253481e-09,344.36275828667266,0.031029565,-0.539512136,0.0
1764,11.39744684073368,310.8975305100427,1063.414867896225,29.5667651667,43.633243757173936,2.4459608176907026,1.0174309131973525e-08,344.36275828667266,-0.005725415,-0.035952273,0.0
1765,11.643959824406572,333.1044969750458,1066.2409577170251,31.1259321875,43.74854808088509,2.445629120479937,1.0970110091412241e-08,344.36275828667266,-0.035569336,0.150735204,0.0
1766,11.876563696703773,355.3114634400488,1069.079743794025,32.697795464500004,43.87297385546907,2.45972220723017,1.1765911050876552e-08,344.36275828667266,-0.049687866,0.214242681,0.0
1767,12.15300545322088,377.5184299050519,1071.905833732525,34.256962603,43.98817390867286,2.4598548635524526,1.2561712010315268e-08,344.36275828667266,-0.036505371,-0.313290227,0.0
1768,12.467444439707927,399.7253963700549,1074.731912971025,35.8161297415,44.103322935883696,2.461956186061091,1.3357512969753982e-08,344.36275828667266,0.019656738,-0.136472271,0.0
1769,12.78059364558269,421.932362835058,1077.5580028988252,37.37529686930001,44.21842093710156,2.4635205098844954,1.4153313929192698e-08,344.36275828667266,0.085803223,0.108944764,0.0
1770,13.09775143097405,444.139329300061,1080.384093907325,38.9344650778,44.33346680306575,2.46536001605001,1.494911488863141e-08,344.36275828667266,0.117472412,0.199839903,0.0
1771,13.37003437784642,466.346295765064,1083.451959547825,40.5396514183,44.63217518440319,2.479282353376977,1.5744915848095725e-08,344.36275828667266,0.109921729,0.230757125,0.0
1772,13.624062532075566,488.5532622300671,1086.506469780025,42.1314823505,44.92115978629868,2.481166385588536,1.6540716807534436e-08,344.36275828667266,0.086988867,0.241160054,0.0
1773,13.808702687853332,510.76022869507017,1089.560979915925,43.723313186400006,45.21007117698688,2.482927529181113,1.7336517766973153e-08,344.36275828667266,0.051045117,0.24465531,0.0
1774,14.012986348922212,532.9671951600732,1092.615491111125,45.3151450816,45.49890713794634,2.4854125260768307,1.8132318726411868e-08,344.36275828667266,0.010296387,0.245829436,0.0
1775,14.339506036201056,555.1741616250763,1095.670001247025,46.906975917500006,45.7876687784378,2.487636390774444,1.892811968587618e-08,344.36275828667266,-0.025428955,0.246223838,0.0
1776,14.654721822375048,577.3811280900793,1098.738600704225,48.5128960747,46.08653245627556,2.5038619029426155,1.9723920645314896e-08,344.36275828667266,-0.04658335,0.246356319,0.0
1777,14.960147001173954,599.5880945550823,1101.795807186625,50.1074232571,46.375144346570266,2.5061341920452955,2.051972160475361e-08,344.36275828667266,-0.042776807,0.246400822,0.0
1778,15.244103928247313,621.7950610200854,1104.853109230725,51.70204600120001,46.66368302565768,2.5077824595546745,2.1315522564192324e-08,344.36275828667266,0.00185647,0.246415767,0.0
1779,15.535869157834266,644.0020274850884,1107.910504814225,53.2967622847,46.95214627501636,2.5118653446588333,2.2111323523631042e-08,344.36275828667266,0.073260352,0.246420787,0.0
1780,15.879372177891382,666.2089939500916,1110.968031697425,54.89160986790001,47.24056182616423,2.5133220593979777,2.2907124483095363e-08,344.36275828667266,0.116037158,0.24642247,0.0
1781,16.235043838327492,688.4159604150946,1113.958238792325,56.4812832628,47.42526150030753,2.532052219131616,2.3702925442534067e-08,344.36275828667266,0.115881152,0.246423033,0.0
1782,16.58163207223559,710.6229268800976,1116.930738328825,58.0532490993,47.59698393332702,2.533487059604901,2.449872640197278e-08,344.36275828667266,0.09159104,0.24642323,0.0
1783,17.063445742213194,732.8298933451007,1119.9034364359252,59.625413506400015,47.76866088665713,2.536821622770613,2.52945273614115e-08,344.36275828667266,0.054726855,-2.061152454,0.0
1784,17.47180420783135,755.0368598101037,1122.8762471284251,61.1977011989,47.940239115783456,2.5383173041089573,2.6090328320850213e-08,344.36275828667266,0.011201221,-1.349945154,0.0
1785,17.965859801177285,777.2438262751068,1125.9222928795252,62.843213250000005,48.11177519300255,2.539871632426948,2.6886129280314524e-08,344.36275828667266,-0.025491357,-0.327106143,0.0
1786,18.448248742621164,799.4507927401098,1128.918257783525,64.438644454,48.29968395839906,2.563715985998472,2.7681930239753242e-08,344.36275828667266,-0.044789282,0.052072679,0.0
1787,18.859897614460444,821.6577592051128,1131.891599709625,66.0114526801,48.4710691761607,2.56445163207578,2.8477731199191963e-08,344.36275828667266,-0.031091968,0.181061671,0.0
1788,19.287016525348232,843.864725670116,1134.8650540927251,67.5843840632,48.64235566971856,2.5642199181354552,2.9273532158630684e-08,344.36275828667266,0.037519409,0.224464113,0.0
1789,19.86423365499097,866.071692135119,1137.838716697825,69.1575129683,48.81359557432631,2.5656441054141164,3.006933311809498e-08,344.36275828667266,0.117659619,0.23904683,0.0
1790,20.398924665922888,888.2786586001221,1140.8125403272252,70.7308028977,48.98476337698748,2.5682645210806347,3.08651340775337e-08,344.36275828667266,0.14483584,0.243945479,0.0
1791,20.93260437160199,910.4856250651252,1143.932268022425,72.3149949929,49.08687859077796,2.5896072598769027,3.1660935036972416e-08,344.36275828667266,0.13073291,0.245590991,0.0
1792,21.93011043752654,932.692591530128,1147.0795054176251,73.9266967881,49.1743404705018,2.596713442096487,3.2456735996411134e-08,344.36275828667266,0.112558228,0.24614373,0.0
1793,22.29817058730965,954.8995579951312,1150.1783379923252,75.4899937628,49.26018615736151,2.5976691040537,3.3252536955849845e-08,344.36275828667266,0.081778271,0.246329406,0.0
1794,22.520573467491488,977.1065244601342,1153.2722439553252,77.0483641258,49.345770058692096,2.597877766911436,3.404833791531415e-08,344.36275828667266,0.045912524,0.246391779,0.0
1795,22.316157897041805,999.3134909251372,1156.370621330625,78.6112059011,49.4314415916193,2.598404685410798,3.484413887475287e-08,344.36275828667266,0.008018701,0.025182313,0.0
1796,22.12227675630896,1021.5204573901405,1159.487746507625,80.1927954781,49.5242856043402,2.6088835014353307,3.5639939834191594e-08,344.36275828667266,-0.025850171,0.093560599,0.0
1797,22.09097759156419,1043.7274238551431,1162.598838735725,81.76835210620001,49.61794492368783,2.620794856730192,3.64357407936303e-08,344.36275828667266,-0.050889111,0.191504221,0.0
1798,23.10687035951277,1065.9343903201463,1165.7097164502252,83.3436942207,49.71045393967232,2.6312068817566283,3.723154175309463e-08,344.36275828667266,-0.063119971,0.227813019,0.0
1799,27.486327756833493,1088.1413567851496,1168.826556814625,84.9249989851,49.80519811600081,2.642560132666405,3.802734271253333e-08,344.36275828667266,-0.060592676,0.240164536,0.0
1800,32.79968891363534,1110.3483232501526,1172.1606217310252,86.72352830150001,49.89916691908838,2.658920784203898,3.882314367197204e-08,344.36275828667266,-0.042386792,0.2443206,0.0
1801,31.98735430516124,1132.5552897151556,1175.634793346225,88.30740581670001,50.163476016342514,2.6610722500845574,3.9618944631410765e-08,344.36275828667266,-0.01251167,0.245716985,0.0
1802,40.31211868608824,1154.7622561801586,1179.266788506225,90.04910687670001,50.47001466907862,2.703851042142967,4.041474559084948e-08,344.36275828667266,0.015631787,0.246186063,0.0
1803,29.539709789687528,1176.9692226451618,1182.784508757625,91.6765330281,50.71726777355392,2.700262942888992,4.121054655031379e-08,344.36275828667266,0.032792432,0.246343628,0.0
1804,31.77047329822576,1199.1761891101646,1186.3452619908248,93.34698146130002,51.01048309582262,2.716034905673623,4.20063475097525e-08,344.36275828667266,0.035070117,0.24639656,0.0
1805,31.25309172937464,1221.3831555751676,1189.8506159954252,94.96204136590002,51.25665688962064,2.7237700070937167,4.2802148469191226e-08,344.36275828667266,0.026520996,0.246414339,0.0
1806,32.705956306127035,1243.5901220401709,1193.332160295825,96.5532915663,51.53293269148575,2.743247675455608,4.359794942862994e-08,344.36275828667266,0.012043652,0.246420305,0.0
1807,36.20213016884945,1265.797088505174,1197.034517810525,98.36534428100002,51.80207483768223,2.7566188842381387,4.4393750388094244e-08,344.36275828667266,-0.008003101,0.24642231,0.0
1808,35.499236376647495,1288.0040549701769,1200.3415443405252,99.78207671100002,52.0605414587419,2.747771394750563,4.518955134753296e-08,344.36275828667266,-0.029656714,0.246422982,0.0
1809,36.33529635291865,1310.21102143518,1203.834508087525,101.38474635800002,52.324236025559024,2.7498434948700505,4.598535230697167e-08,344.36275828667266,-0.049173047,-3.283193242,0.0
1810,39.493921438467375,1332.417987900183,1207.335231581525,102.99516505200002,52.61402373221337,2.759687857842203,4.67811532664104e-08,344.36275828667266,-0.062589551,-2.212218578,0.0
1811,40.17831860416129,1354.624954365186,1211.1888657925251,104.617357063,52.83642163181121,2.783853180904164,4.757695422584912e-08,344.36275828667266,-0.067285327,-0.636926828,0.0
1812,40.81618839992674,1376.8319208301891,1215.0509591025252,106.248008173,53.0546986278468,2.799554492600458,4.8372755185313415e-08,344.36275828667266,-0.062012329,-0.05291596,0.0
1813,41.20782002322929,1399.038887295192,1218.8870889695252,107.85268514,53.262150348548815,2.8046479136783105,4.916855614475213e-08,344.36275828667266,-0.04633374,0.145753248,0.0
1814,42.22836992515008,1421.2458537601951,1222.747335566525,109.48148953700002,53.47458154060777,2.8136926689357344,4.9964357104190864e-08,344.36275828667266,-0.025428955,0.212601768,0.0
1815,43.58904450131966,1443.452820225198,1226.635109518525,111.137810589,53.690621157777926,2.826705741991207,5.076015806362956e-08,344.36275828667266,-0.006458643,-6.455758865,0.0
1816,45.49843278843032,1465.6597866902014,1230.680200434525,112.951459305,53.92156147415451,2.864714387078428,5.155595902309388e-08,344.36275828667266,0.005148193,-4.750234104,0.0
1817,49.277933344517805,1487.8667531552044,1234.660799240525,114.700615911,54.13632100445767,2.8783214640521058,5.2351759982532587e-08,344.36275828667266,0.006895459,-1.560522125,0.0
1818,51.39410790678312,1510.0737196202074,1238.533521609525,116.34188538,54.340463800442,2.8844693954961445,5.31475609419713e-08,344.36275828667266,-0.000452417,-0.366210158,0.0
1819,50.93224553065184,1532.2806860852104,1242.316455142525,117.893376713,54.54894047804618,2.88746015103465,5.3943361901410015e-08,344.36275828667266,-0.01385332,0.040375668,0.0
1820,50.73514360253774,1554.4876525502136,1246.188981166525,119.534449837,54.76014371849184,2.8956115418969794,5.473916286084873e-08,344.36275828667266,-0.031169971,0.17719798,0.0
1821,52.0614741057557,1576.6946190152166,1250.8435608815248,121.213434452,55.0920178859957,2.908316023111242,5.553496382031305e-08,344.36275828667266,-0.047768994,0.223169242,0.0
1822,54.02391561299508,1598.9015854802196,1255.5077575425248,122.902036013,55.43342836788039,2.9319413134528567,5.633076477975178e-08,344.36275828667266,-0.059188623,-0.015950444,0.0
1823,56.36006372434579,1621.1085519452226,1260.208942070525,124.627625441,55.779328027885256,2.962446241747985,5.712656573919048e-08,344.36275828667266,-0.061591113,0.06787124,0.0
1824,57.58598553972708,1643.3155184102256,1264.853721120525,126.296809391,56.123943163980286,2.986857584233221,5.792236669862919e-08,344.36275828667266,-0.049968677,0.182334458,0.0
1825,60.73334336566562,1665.5224848752289,1269.693036763525,128.160529934,56.46307522435302,3.0067805845229314,5.8718167658067924e-08,344.36275828667266,-0.020031152,0.224708275,0.0
1826,61.38463494092768,1687.729451340232,1274.4256806825251,129.91757875300002,56.79434595402703,3.0200671198764653,5.951396861753224e-08,344.36275828667266,0.013354102,0.239120505,0.0
1827,65.74125003047283,1709.936417805235,1279.284062013525,131.800354284,57.15884680698901,3.061560944841204,6.030976957697094e-08,344.36275828667266,0.037753418,0.243969848,0.0
1828,66.6845083635425,1732.143384270238,1284.013827204525,133.554524375,57.49092618772544,3.0721799412883515,6.110557053640965e-08,344.36275828667266,0.045163696,0.245599162,0.0
1829,66.31011289933143,1754.350350735241,1288.6700903505248,135.235192421,57.81670385833071,3.080641894280231,6.190137149584836e-08,344.36275828667266,0.036130957,0.246146478,0.0
1830,88.99212879232685,1776.557317200244,1293.918320296525,137.507827267,58.27022843010554,3.272656554194519,6.269717245531267e-08,344.36275828667266,0.016396216,0.246330334,0.0
1831,83.25430156885112,1798.7642836652471,1299.709588403525,139.16308527400005,58.5829822706369,3.251272945977901,6.349297341475138e-08,344.36275828667266,-0.010155981,-3.342833909,0.0
1832,82.09510025110944,1820.9712501302504,1305.968904363525,141.286391134,58.92784699039317,3.2690646701585457,6.428877437419012e-08,344.36275828667266,-0.035272925,-2.313054017,0.0
1833,83.25234124888641,1843.1782165952527,1312.260723499525,143.44220017,59.27644880950374,3.29172796177102,6.508457533362883e-08,344.36275828667266,-0.05084231,-0.673192462,0.0
1834,88.76673230203069,1865.385183060256,1318.079478515525,145.124945086,59.633426656285565,3.306660723793141,6.588037629306753e-08,344.36275828667266,-0.048299414,-0.065206248,0.0
1835,97.40356862888925,1887.5921495252592,1324.672883036525,147.58233950700003,59.97860862460678,3.3349520594802566,6.667617725253185e-08,344.36275828667266,-0.014945361,-1.026814193,0.0
1836,106.89885654941013,1909.7991159902624,1331.053042121525,149.826488492,60.41737226402547,3.473366444135373,6.747197821197056e-08,344.36275828667266,0.044071655,-0.596315695,0.0
1837,106.20375273897444,1932.0060824552647,1337.400518270525,152.037954541,60.74868958264957,3.47520025311979,6.826777917140928e-08,344.36275828667266,0.088002905,-0.055536949,0.0
1838,105.8495797156702,1954.2130489202684,1343.090669986525,153.592096157,61.10695749964483,3.5130110400227856,6.9063580130848e-08,344.36275828667266,0.099828149,0.14413355,0.0
1839,109.65750674332054,1976.420015385272,1349.372937232525,155.73834260300004,61.45777007536364,3.562257618058148,6.98593810903123e-08,344.36275828667266,0.086146436,0.212024077,0.0
1840,118.81335884969236,1998.6269818502744,1355.718461808525,157.94785707900002,61.82949887115516,3.62387544651722,7.065518204975101e-08,344.36275828667266,0.063712793,0.234866476,0.0
1841,122.17052953824508,2020.8339483152777,1364.0875833315251,160.11277620200002,62.14892380563632,3.6623690849712114,7.145098300918975e-08,344.36275828667266,0.030920361,0.242541163,0.0
1842,129.39406677429292,2043.040914780281,1372.8156987355248,162.63669990600002,62.47649404155966,3.7330252821582377,7.224678396862845e-08,344.36275828667266,-0.003931348,0.24511926,0.0
1843,132.37479007493317,2065.247881245284,1381.3792080145251,164.99600678500002,62.78874094994352,3.791397155486825,7.304258492806716e-08,344.36275828667266,-0.034258887,0.245985275,0.0
1844,141.97223814673583,2087.4548477102867,1390.7758575995251,168.18845397,63.12355465834644,3.885687353733802,7.383838588753148e-08,344.36275828667266,-0.052792383,-0.05635035,0.0
1845,155.07972888699243,2109.66181417529,1400.5988641995248,171.80725817,63.500754327992354,4.015898630718876,7.463418684697019e-08,344.36275828667266,-0.05404043,0.037274126,0.0
1846,157.70822116354586,2131.8687806402927,1410.322282689525,175.32647426,63.774757254649096,4.0272996735819975,7.54299878064089e-08,344.36275828667266,-0.041669165,0.171283188,0.0
1847,170.80371914259786,2154.075747105296,1420.514635099525,179.31462427,64.15594138878913,4.170448332543748,7.622578876584764e-08,344.36275828667266,-0.029329102,0.220960817,0.0
1848,173.65056175002292,2176.282713570299,1429.730227309525,182.32601408,64.43003971186751,4.241632141944407,7.702158972531193e-08,344.36275828667266,-0.016957837,0.237860086,0.0
1849,185.0555823877043,2198.4896800353017,1439.154123909525,185.54570828,64.77716510496425,4.341736579541773,7.781739068475067e-08,344.36275828667266,-0.004586572,0.243546385,0.0
1850,196.8556239869449,2638.7189177150376,1498.673994219855,190.07344219033,65.1073310109645,4.392894998613251,7.861319164418937e-08,344.36275828667266,0.007755115,0.245486068,0.0
1851,198.7866564049556,2819.8286654816125,1509.6812263383251,192.3983840088,65.29457754771317,4.415740053093176,7.861319164418937e-08,344.36275828667266,0.002283199,0.245842523,0.0002924492832088
1852,207.60356002905743,2857.615206857219,1520.4636691749251,194.7036020454,65.5560236430577,4.486089714407032,7.861319164418937e-08,344.36275828667266,0.001503155,0.238493171,0.0003503380594542
1853,217.2458316412865,2905.716328981658,1530.8822381922253,196.97689236270008,65.84953624719847,4.558782302926847,7.861319164418937e-08,344.36275828667266,-0.008608617,0.246023229,0.0003745117390156
1854,255.04896062152912,2914.9591460114734,1540.797848862425,199.2060510329,66.32907187351748,4.864158200361816,7.861319164418937e-08,344.36275828667266,-0.022483778,0.246649362,0.0003982660683602
1855,260.2704688794992,2878.638264422557,1550.071417717025,201.3788751875,66.58396445654817,4.902792456438391,7.861319164418937e-08,344.36275828667266,-0.031076153,-0.173711446,0.0004226220049483
1856,278.25697616292143,2969.0053506456748,1558.5638570075253,203.48315767800003,66.92005159625377,5.081035349409646,7.861319164418937e-08,344.36275828667266,-0.033493861,-0.038304603,0.0004472546351566
1857,281.19251683648747,2951.206744611055,1566.136086486125,205.5066988566,67.15435186334102,5.133394396586209,7.861319164418937e-08,344.36275828667266,-0.027442585,0.146673648,0.0004721764980428
1858,285.56004009899505,2974.9504331554367,1572.649020544325,207.4372937148,67.38167155273854,5.197731296395845,7.861319164418937e-08,344.36275828667266,-0.010582326,0.213704274,0.0004973992864862
1859,302.5845176116296,3038.7982376131285,1577.9635735843249,209.2627372548,67.73573093457492,5.4224845585180725,7.861319164418937e-08,344.36275828667266,0.003677079,0.236016686,0.0005229358829325
1860,332.3120113973374,2780.9612000133216,1581.940650367625,210.9708255381,68.15428162521523,5.700870622888784,7.861319164418937e-08,344.36275828667266,0.014255227,0.243378201,0.0005487980016224
1861,349.2044183065933,2767.467969602105,1585.077077071325,212.6051434418,68.4810798156798,5.847668269262889,7.861319164418937e-08,344.36275828667266,0.012137769,0.118307571,0.0005749984427722
1862,356.00560002606016,2740.5639521426733,1587.999172342525,214.220661713,68.73860245586962,5.901494192181985,7.861319164418937e-08,344.36275828667266,-0.000113051,0.094238356,0.0016683643324193
1863,379.5503692241918,2707.2293523691374,1590.762058247725,215.8222124182,69.17267059467483,6.1718640802628695,7.861319164418937e-08,344.36275828667266,-0.00729009,-0.692119028,0.0007020053911083
1864,409.5421397901871,2618.8042653633843,1593.420857891325,217.4146286618,69.5830859672194,6.460274862975915,7.861319164418937e-08,344.36275828667266,-0.014365156,-0.362800983,0.0007292931162005
1865,434.86907067764577,2571.536737242626,1596.0307029698251,219.0027521403,69.96580309966983,6.7004949096466895,7.861319164418937e-08,344.36275828667266,-0.02002363,0.038346464,0.000756969034824
1866,449.08534403898193,2608.233194151881,1598.6467390683254,220.5914170388,70.36519907625544,6.853797311605696,7.861319164418937e-08,344.36275828667266,-0.022910636,0.178444668,0.0007850419550418
1867,480.8335209877026,2570.327567918606,1601.324083951925,222.1854618224,70.6799140897338,7.196458684953155,7.861319164418937e-08,344.36275828667266,-0.027321755,0.224731875,0.0018803446057571
1868,494.5136999688612,2538.7700806364323,1604.117875747825,223.7897239183,70.95190370818986,7.36116512501887,7.861319164418937e-08,344.36275828667266,-0.017514599,0.239871784,0.0009159812697304
1869,524.752467186259,2584.993326159175,1607.0832407704252,225.40903964090003,71.34673174914441,7.695532904353385,7.861319164418937e-08,344.36275828667266,0.00030808,0.244816072,0.0009453275086078
1870,536.1451469685364,2835.263895110193,1610.2753085655252,227.048248536,71.62553999322557,7.863673881764633,7.861319164418937e-08,344.36275828667266,0.001711748,0.246430369,0.0009751222844931
1871,569.7998285187375,2854.6380854155045,1620.664108224725,229.31892609520003,72.15686034683955,8.307847334088146,7.861319164418937e-08,344.36275828667266,0.012501711,0.24695602,0.0020721917220807
1872,630.9872113014229,3052.6304018500173,1643.292877767225,232.6635885377,72.87898130853829,8.933641932442816,7.861319164418937e-08,344.36275828667266,0.006781097,0.240915657,0.0011096482907264
1873,670.4945618476859,2980.336732871523,1675.326570241725,236.8334752122,73.47343634509978,9.38147645810553,7.861319164418937e-08,344.36275828667266,-0.002874825,0.133237095,0.0011408607756197
1874,628.6878805639138,3178.136681459033,1713.9301312069251,241.5798179774,73.67681042340749,9.226857474195748,7.861319164418937e-08,344.36275828667266,-0.011223703,0.240623896,0.0022393860434369
1875,681.0757644324644,3262.558685172388,1756.268538353625,246.6538808241,74.30498254871155,9.694620511396552,7.861319164418937e-08,344.36275828667266,-0.026864081,0.24716233,0.0012783338304279
1876,690.6106947860658,3283.526780495725,1799.506737240525,251.806895611,74.7328432645465,9.896831021424555,7.861319164418937e-08,344.36275828667266,-0.034041629,0.219154276,0.002377890925059
1877,704.061582286045,3181.590142331421,1840.809671297025,256.7901027675,75.1888204117658,10.144807335945856,7.861319164418937e-08,344.36275828667266,-0.038585891,0.228442966,0.0014178950771399
1878,709.6784962412682,3277.050396313288,1877.342318203225,261.35474487370004,75.59486751560831,10.240412457333283,7.861319164418937e-08,344.36275828667266,-0.044414996,0.24064642,0.0025185316590203
1879,759.8253862959695,3270.290040547179,1906.2696235178248,265.2520644883,76.20027982952863,10.807888177241152,7.861319164418937e-08,344.36275828667266,-0.043133184,0.242242154,0.0015596411508329
1880,858.0906786039948,3380.452694264281,1924.756542440225,268.2333031107,77.03436513092076,11.79613978946854,7.861319164418937e-08,344.36275828667266,-0.02914475,0.194194887,0.0026614090187307
1881,888.0011929914161,3377.219082359896,1936.231711087825,270.5993049583,77.72599140625871,12.199269647389016,7.861319164418937e-08,344.36275828667266,-0.009765283,0.192941428,0.0017036716052383
1882,937.9264789505193,3556.780726976779,1946.213953643325,272.8343088138,78.43123718467541,12.758568136947398,7.861319164418937e-08,344.36275828667266,-0.0139294,0.243866965,0.0028066170084264
1883,997.5552498028424,3479.0457960401977,1955.003424035025,274.9646556055,79.19867144664833,13.426238085145334,7.861319164418937e-08,344.36275828667266,-0.016904667,-0.277218465,0.0029168968375628
1884,1009.470979593196,3632.399611596327,1962.900340348425,277.0166862189,79.6807883226549,13.610207607796337,7.861319164418937e-08,344.36275828667266,0.006303574,-1.847969088,0.0030277994867046
1885,1017.186044159458,3631.3919704929776,1970.2048640125247,279.0167383830001,80.15814979796933,13.707720848839315,7.861319164418937e-08,344.36275828667266,-0.008147652,-0.759684592,0.0020725278024281
1886,1032.655801068464,3545.485986245598,1977.217201246525,280.991151817,80.68170088952405,13.836800811813792,7.861319164418937e-08,344.36275828667266,-0.024589088,-0.157606255,0.0031779660907992
1887,1083.7717230835838,3691.593946231277,1984.237516721525,282.966256792,81.40706200177605,14.33826899450286,7.861319164418937e-08,344.36275828667266,-0.0347705,-0.003385799,0.0032908081863905
1888,1200.8506238058565,3566.5640060529367,1991.566025366525,284.968412437,82.37968287406764,15.575465861300312,7.861319164418937e-08,344.36275828667266,-0.03873455,0.181086627,0.0034042973354404
1889,1201.5652465405014,3677.84422535739,1999.502903483525,287.02394995400005,82.87356235071334,15.6406443373255,7.861319164418937e-08,344.36275828667266,-0.040153643,0.237916008,0.0035185007464163
1890,1306.644464479839,3950.493587176434,2041.6979536245249,295.780611995,83.88439614543199,16.77346244876854,7.861319164418937e-08,344.36275828667266,-0.036669284,0.073533245,0.003633362403906
1891,1368.9714490447684,4160.806606192812,2055.177200193525,299.519562964,84.62880881049205,17.524616798290737,7.861319164418937e-08,344.36275828667266,-0.011180534,-0.0756282,0.0037499211035603
1892,1379.8652475488525,4101.997007251867,2069.221992694525,303.43169086500006,85.14464610302336,17.83402273205054,7.861319164418937e-08,344.36275828667266,0.009687197,-0.037344516,0.0038732725179959
1893,1362.570597639438,4288.868630054868,2083.657994422525,307.510413593,85.45651364424214,17.68825515423531,7.861319164418937e-08,344.36275828667266,0.026166585,0.15071032,0.0039942258921489
1894,1411.590508906808,4304.340501178117,2098.3109048385254,311.749153109,86.22365617064659,18.29782777216361,7.861319164418937e-08,344.36275828667266,0.045983347,0.215774031,0.0041175182546863
1895,1495.2998355488858,4309.662678278535,2113.006388093525,316.141328164,87.11804754015883,19.28209271137884,7.861319164418937e-08,344.36275828667266,0.027203746,0.23668094,0.0053088530535632
1896,1544.7238841816882,4244.798072343827,2127.570153171525,320.680359542,87.7776583326935,19.942194057611392,7.861319164418937e-08,344.36275828667266,0.001572803,0.24263756,0.0044413064481761
1897,1617.5587810137629,4404.536668345725,2141.827866577525,325.35966834800007,88.61299377091326,20.81971561993604,7.861319164418937e-08,344.36275828667266,-0.014835431,0.24415687,0.0045683006172303
1898,1706.030468672434,4357.11341387263,2155.605225525525,330.172674296,89.49307567718103,21.911902297369217,7.861319164418937e-08,344.36275828667266,-0.022544941,0.24440193,0.0057633723192751
1899,1863.2113894145225,4447.79195280042,2168.727903903525,335.11279517400004,90.70370396587484,23.72663082133271,7.861319164418937e-08,344.36275828667266,-0.031760399,0.244287347,0.0048996396442356
1900,1961.570755095956,4506.280938663026,2181.021591542525,340.173443313,91.72770135751767,24.87438271925688,7.860377803337996e-08,344.3627580969411,-0.037104946,0.244069602,0.0060973251131774
1901,2024.0463758840035,4532.94678640712,2193.888145411525,345.627176282,92.54636349790586,25.8404161353676,7.862338030156664e-08,344.36275836041466,-0.046172392,0.243847378,0.0053160278371409
1902,2074.884991403332,4627.408559659304,2208.583905047525,351.65219091800003,93.2553818720198,26.59388863449523,7.859830457431984e-08,344.36275802338935,-0.044020665,0.007888733,0.034625237861963
1903,2262.138444229812,4597.124364316817,2224.7163365635247,358.100416234,94.61411088677252,28.710756653119905,7.86308423945666e-08,344.362758460706,-0.025593424,-0.700558872,0.0414638892312465
1904,2287.6026451487423,4679.265434987136,2241.892861239525,364.82377921,95.253778280883,29.19427837949502,7.858801864932725e-08,344.3627578851805,0.007650937,-0.24577168,0.0459662195171768
1905,2437.1614974380345,4826.9398188698415,2259.720940908525,371.674204579,96.27611621849375,30.931096659352427,7.864509311044675e-08,344.36275865339064,-0.007035736,0.120776828,0.0570095791359845
1906,2544.5895341175783,4837.501729707677,2277.808018357525,378.503619428,97.54804114512764,32.79385836204454,7.856705569865344e-08,344.3627576134446,0.016989508,0.225678559,0.075921306905101
1907,2900.442991329481,4748.728548502585,2295.761541402525,385.163955873,99.50860621725027,35.994435350730335,7.867245418063103e-08,344.3627590408529,0.003997426,0.063444686,0.102172266297807
1908,2785.8003029763463,4839.031512110036,2313.188942023525,391.507130194,99.56394945292422,34.65807662925486,7.852416331518905e-08,344.36275705951067,0.012103199,0.176417571,0.1321959012675124
1909,2901.285584484252,4946.391091485093,2329.6976372205254,397.385075791,100.70316797372448,36.27266229465532,9.073078528174545e-08,344.3629216184846,-0.004713129,0.242036872,0.1014466970732261
1910,3043.450047576161,4747.07968124256,2344.895202353525,402.649723924,101.78444204247036,37.83560139934702,1.3324998407016937e-07,344.36349484429377,-0.017121066,0.241792045,0.189707513277865
1911,3090.2241796504786,4826.958139617174,2362.197168265525,407.480090836,102.64036203180854,38.31006087629818,9.42457756647201e-06,344.4887510563543,-0.035164704,0.241543095,0.2756980862971163
1912,3246.609518275455,4686.392205699918,2384.555775915525,412.158981486,103.56842501037396,39.614057984914346,1.254054888396023e-05,344.5307574540408,-0.042070688,-0.340997887,0.276208267838933
1913,3516.676424191846,4514.735963557495,2410.8834779455256,416.6939935160001,105.14760517216688,41.38288861689013,1.530992801445418e-05,344.56809136763616,-0.040539982,-0.248960343,0.3579628704620631
1914,3189.9164236702272,4596.593062644142,2440.092864064525,421.09275463500006,104.1740647227412,37.87483415239306,2.8048332613056373e-05,344.7398176617404,-0.026775991,0.052521652,0.401375971638793
1915,3140.404636978444,4571.32875207107,2471.0964713375256,425.362839908,104.5315284257169,37.79470384608683,4.8524098570923937e-05,345.01585098987044,0.012960753,0.214513572,0.4334575380890567
1916,3392.111611146811,4522.842894252625,2502.806559913525,429.511868484,106.10636250402209,41.06312950593161,8.243613963374542e-05,345.4730188169324,0.044951,0.239832788,0.5015937482910817
1917,3548.2830587108165,4545.560620946323,2534.135676594525,433.547425165,107.2832659391483,42.69777340992609,0.0001215981049109,346.00096027190364,0.066088955,0.239961045,0.6786672953052622
1918,3499.8290863210304,4548.67514799304,2563.996295315525,437.477128886,106.98052206732376,42.15438805708212,0.0001500667745038,346.3847464315268,0.069872033,0.239685265,0.7769653212843268
1919,3033.963135901321,4481.447165652294,2591.300973685525,441.308575256,105.8259657985947,36.16404558724691,0.000176102545417,346.7357333517801,0.03721586,0.239403379,0.8172468585495115
1920,3537.981580960477,4603.710672983258,2614.9620572395256,445.0493618100001,108.2967186984189,40.15457425002948,0.0001913349173528,346.9410818401306,0.006247097,0.239117427,0.799465914869195
1921,3106.310840092002,4839.150596967705,2637.474427634525,448.903821205,106.7286289252708,34.57325369145566,0.0002024997217051,347.08809683772495,-0.012936006,0.238827339,0.8607361328765466
1922,3254.5954037929514,4802.76559276312,2661.624034133525,453.024525704,108.63808813765706,36.30825469392272,0.0002276882933503,347.4178610667392,-0.030427682,0.099849309,0.5670463591864292
1923,3690.8482698299017,4907.935842831808,2686.760434543525,457.3415081140001,111.6646039509861,39.626553728447455,0.0002680360982128,347.9467379757215,-0.034474303,0.164137004,0.7471930338924935
1924,3702.9281132107208,4921.50235623236,2712.2330435055246,461.784765076,112.77081752842388,39.85932308625451,0.000306177397768,348.44169583741416,-0.026714256,0.237932374,1.073755864060538
1925,3740.786105500928,4918.644319648314,2737.391598372525,466.284294943,113.69478067938066,40.21502598885319,0.0003527758122846,349.04753981499186,-0.005576675,0.237625798,1.208693675968581
1926,3677.557447035226,4930.507003546838,2761.585419411525,470.770106982,114.05010129065184,41.21489440520412,0.0004117354190494,349.8179830159868,0.022760144,0.237315155,1.270372724622682
1927,4013.111087495983,4966.058413747742,2784.164052766525,475.1722223370001,116.84870506936068,43.66248595465557,0.0004524860343072,350.34195133910816,0.046467863,0.237000355,1.3930892342709185
1928,3996.4747533363584,4940.18951851266,2804.476924420525,479.42064899100006,117.52960812135102,43.79911381557463,0.00050956213987,351.0861077235985,0.030929014,0.198287335,1.5566542809162685
1929,4288.38634004546,4894.305206815589,2821.873760277525,483.4453738480001,119.77604077275544,46.75150090053884,0.0005929767693485,352.18641296210023,0.022965815,0.009617596,1.8058988023235705
1930,3958.257421572099,5020.461872954948,2835.703904144525,487.176429715,119.92622247191876,43.266485550437785,0.0006856838418679,353.41009310248165,0.023177128,0.236031321,2.007718952545797
1931,3539.464718740124,5185.055467000258,2847.362996183525,492.502726754,119.46181050621026,38.54828459308758,0.0007995389650131,355.0394622679461,0.000975443,0.235700087,1.8321461450863117
1932,3192.7217661207924,5233.623768181705,2858.912086658525,501.01590622900005,119.37997590610186,34.29712742215828,0.0009157910385437,357.2653460204666,-0.015562053,0.050137615,1.6678089344965668
1933,3362.8205871814303,5297.581497123399,2870.6988581595256,512.20005373,121.08291961383092,36.22668313326224,0.0010396413451267,359.874807251118,-0.022505192,0.196934349,1.4257013912403618
1934,3656.3363678402593,5337.997065741381,2883.070994239525,525.53925581,123.61077281830416,39.821486731622606,0.0011801758836525,362.66133741664873,-0.014754991,0.234681665,1.472714183934008
1935,3835.899023762396,5261.37970039215,2896.3761671095253,540.51758768,125.54732017739045,42.98381811301299,0.0013534304492311,365.8391323546766,0.011807207,0.234333979,1.6633758448016975
1936,4208.102406890856,5300.787627906783,2910.9618442895253,556.61913386,128.5791737532879,45.97550303794626,0.0015771802883073,369.58130848909127,0.069491105,0.233982163,2.112340298811666
1937,4496.898821662934,5368.510270425537,2927.176011179525,573.32796175,131.01040702156084,49.526496696111984,0.0018174015156655,373.54315023783295,0.072716596,0.233626238,2.5540829449160927
1938,4229.791753395222,5418.306061678337,2945.366036859525,590.1281644300001,131.36908647428194,46.35375679281202,0.0020538612160492,377.4547600403133,0.062298183,0.233266189,3.068561957218701
1939,4470.317025843457,5357.380416420358,2965.879799729525,606.5038093000001,133.59854521820057,49.325310312584655,0.0023019437261179,381.5196884690906,0.05939626,0.232902032,3.439721409798905
1940,4884.862785243575,5458.565903943984,2989.064787639525,621.93900121,136.15036621897798,54.487225183188734,0.0025869116419582,386.0469131980005,0.039991591,0.232533757,4.0118094043072645
1941,4999.296657382751,5738.534404322812,3060.862052999525,637.9303095700001,138.18847748927854,56.42115811553788,0.0029283001774783,391.3974707368212,0.024234164,0.232161381,4.213616096873023
1942,4982.727307539527,5769.4781465693095,3214.114590969525,656.1033725400001,139.63073827303612,57.53763519792783,0.003355676958554,397.76599942834457,0.005791151,0.231784857,5.214885431266654
1943,5075.480238733213,5721.056411366532,3429.523413959525,676.13586653,142.09140022812116,58.662086740652605,0.0038664189428453,405.4674633822052,-0.012855396,0.231404237,6.443747269940121
1944,5162.697149399452,5698.631816630172,3687.789607139525,697.7054337100001,143.89343863270932,57.23516951408775,0.0044671307100821,414.8636966820599,-0.00760081,0.231019498,8.202081455545473
1945,4289.487666122374,5692.531007768073,3969.614278149525,720.4897387200001,142.80496546191256,49.76613595475186,0.0050419541094335,421.9787639914565,0.027684672,0.230630675,6.86501208459612
1946,4608.734991373525,5647.782582405688,4255.698429769525,744.1664483400001,146.61638528424066,49.12811751506975,0.0058645085771126,428.5405639325004,0.044758679,0.230237686,4.306039555662731
1947,5165.416193801777,5636.551964290175,4526.743167499524,768.4132250700001,151.03941818789502,54.62181740298145,0.0067260538918675,435.2149677732739,0.090184252,0.229840613,4.5895869386206805
1948,5448.106996011807,5550.51773481146,4763.449483419526,792.90772499,153.2234859832893,57.177216310099695,0.0076530199115165,442.7246722953408,0.105744011,0.229439431,5.505508010282091
1949,5204.247615031764,5476.419472220603,4946.518462699524,817.3275902700001,155.14301728298253,54.39371238474477,0.0086125416128736,450.6358659254905,0.090747839,0.229034114,5.850715998234958
1950,5930.485754784318,6207.307366348339,5056.651139149526,841.3505187200001,158.74965648441423,58.18241193969774,0.0095932367097067,458.84628690535726,0.057158453,0.228624706,5.877733884064048
1951,6381.689134773494,6560.073356257338,5126.151887049525,872.10688762,163.60795220066564,61.840573927747656,0.0106293403975573,466.7651808442493,0.012638911,0.22821116,6.360698361850097
1952,6467.724247312231,6478.344502402026,5200.401330259525,915.60014383,167.0944917443082,63.56779821834954,0.0116488557427841,473.0127470097953,0.010661935,0.227793506,7.385212055596831
1953,6651.156538203186,6589.349910496474,5279.714815969525,969.81752854,171.070614597841,64.58411723168554,0.0127993756310726,480.2717172193974,-0.002371802,0.227371754,7.926052694955495
1954,6789.806026681459,6980.745196158426,5364.407961009525,1032.74623158,175.52246609491334,66.26083225825879,0.0141177550671653,488.80045019137685,-0.002214728,0.226945857,8.613122362119144
1955,7444.199458361379,7123.518780129385,5454.795982029525,1102.3734706,183.4526707915396,72.04890038616958,0.0156208768411234,498.346353991752,0.025055738,0.226515855,9.09943280272036
1956,7926.335848303263,7219.794307367598,5551.194304329524,1176.6864579,189.13555764670943,76.90395410076972,0.0173461775007209,508.40713535934526,0.085120676,0.22608176,9.567012590507527
1957,8185.978703341354,7323.865312596269,5653.918477329525,1253.6724229,194.74699701912144,79.33642902287073,0.0193103781012426,519.4550151626735,0.140971596,0.225643517,9.925176710208818
1958,8417.531184590574,7191.607837594812,5763.283787229525,1331.3185458000005,198.9569964021477,81.41273202007294,0.0214034537192569,531.0055075589238,0.148348622,0.225201183,10.10202921319743
1959,8855.050358698327,7744.005850824682,5879.6056807295245,1407.6120603000002,207.2258473029528,85.26128805234438,0.0235880940862052,542.9028498512624,0.116747134,0.22475473,10.510321170074535
1960,9387.393335018029,6706.282080353352,6003.199583129525,1480.5401787000003,213.0896323957901,90.29510153829696,0.0260697949673674,556.005756187199,0.095109484,0.224304176,11.27001112550008
1961,9415.426207309316,6820.805071935858,6291.425675729524,1558.7444243000002,215.32267405182344,91.4806767884316,0.0289638715420799,570.3610952404069,0.047058505,0.212716053,12.263914909557055
1962,9747.68478807913,6330.954090102992,6475.013600729526,1649.9616033000002,218.98516453033727,94.3374560059312,0.0322918606863752,586.1703429480724,0.013677183,0.022043766,13.229053052455702
1963,10267.191028655116,6161.532979135272,6657.359640929525,1750.8217935000002,224.35284386027064,97.52343774354688,0.0361736917916907,603.8038873503601,0.002084495,-0.866306042,14.401863361967044
1964,10824.907664760423,5859.066601030748,6863.024533529526,1857.9550941,228.9938797725636,102.47923287902938,0.040672228892913,622.9262082144716,-0.003225144,-0.618902914,15.263031247864005
1965,11311.061838562366,5625.330506548327,7095.3190939295255,1967.9915615,235.03800847271003,105.3524940836266,0.0457713437257743,643.4398244624318,-0.000255593,-0.298486612,16.147223325264115
1966,11863.130239562808,5223.043536596535,7353.665297429526,2077.561434,243.38840112879427,108.18032181021142,0.0514553977128114,666.1487688232859,0.025326675,0.155161022,17.191949613959228
1967,12237.8684776282,5401.075398811061,7583.473423929525,2183.2946075,246.75034850874545,108.84239118609732,0.0578171643511146,691.7209920430794,0.057061643,-0.105414249,18.490375848111285
1968,12905.80952302572,5332.619926398961,7792.598204329526,2281.8212989000003,250.95508999597487,113.85395873713392,0.0649617285451096,719.9353091276184,0.073798401,0.011417295,20.592318898243818
1969,13762.34667920296,5836.211468732047,7951.439436829525,2369.7716074000004,258.451762326722,118.52952443274796,0.0729501820745735,750.8848345958518,0.076757746,0.097829001,22.069520731086328
1970,14899.732222627072,5694.335601380436,8032.344415929524,2236.0949345,265.1503770348924,126.1728959300948,0.0817598314301874,783.7203281937393,0.078687518,0.09369097,23.82409395628411
1971,15504.4871723191,5118.303824090187,7988.157492629525,2261.2737572,265.6554201292548,126.55444216479314,0.0912868661686322,818.414974082242,0.050055185,-0.043463734,26.06191981241275
1972,16225.258503663485,5390.779138809562,8225.342370329527,2325.0700569,270.73534824688727,129.98850589198827,0.1016664116722519,857.1145249318821,0.048265187,0.072032361,28.52808670948425
1973,17085.789853906517,5244.295603503543,8452.001476129524,2461.7319977,278.66395715557,136.2815484078167,0.1132476440724338,901.5234369388618,0.019473292,0.202489417,30.927067887696733
1974,17011.765621791485,5138.612372509513,8512.831564629525,2528.1300452000005,278.8578150418496,134.4548639236283,0.126061200955342,951.153468199388,0.005395537,0.070650438,33.87361064917199
1975,17053.448264287512,5059.540027017577,8731.095375529525,2497.0616001,279.9258484860902,132.77976989174715,0.1390782183378647,1000.877706954597,0.005675237,-0.176655696,37.32001062361999
1976,17989.845902522087,5084.382960401976,8936.174261229526,2588.3441668,284.6181624859856,138.6525568748073,0.1518324909321284,1051.4798311091884,0.001041957,0.083381045,38.09563040152367
1977,18499.38883703032,5513.995325001873,9112.688373429526,2618.471579,288.0913049307265,139.54128124356157,0.1645078638686628,1106.6119156924074,0.03112505,0.168028365,41.37692158073731
1978,19070.06843882846,5413.277016535256,9272.511855229528,2692.2642788000003,290.4573008967112,140.36400506044154,0.1768792630207748,1165.767221150997,0.077248973,0.193015016,45.50597557563764
1979,19609.820208117097,4686.941828119926,9495.425436729523,2685.7418263,295.1977394627182,143.04703552809266,0.1883208003175729,1219.69140484798,0.115961036,0.177572517,54.34532235558572
1980,19489.31940950594,4967.734762128769,9545.476858829526,2588.5290414,293.4718895357168,142.33135029237127,0.1996781036408246,1268.4820985835336,0.108322711,0.13238146,70.55821053658096
1981,19023.680790247447,4830.136789279559,9354.282763929526,2530.7057385,287.7266011093838,137.83815650635887,0.2107891017110764,1315.1149173743866,0.11087221,0.100339081,64.43870610893131
1982,18871.86772022888,4543.884272565297,9560.902941829523,2551.6871224,286.95429257545163,134.7064618323345,0.22178942746584,1358.3922935446349,0.067596484,-0.245338392,59.5168898620065
1983,18992.68517463695,4785.150194201837,9705.050206729526,2654.3693193,286.70362874092945,132.66316794968802,0.2328528684443414,1401.703654493345,0.065785705,-0.706958684,65.73499543875118
1984,19648.60291814407,5639.309236763886,9747.579421829529,2645.5826184,290.2533792669029,133.89279618284297,0.2439595214324693,1446.9489394685118,0.014804317,-0.24331905,65.60373082578131
1985,20312.730214180443,5291.178395930296,9731.853118229525,2554.8570188000003,291.4840806003532,134.40653742820157,0.2564062903695854,1495.2114467226515,-0.002380265,0.020547461,75.26634192434679
1986,20615.804144908045,5527.406112050089,9781.798407029526,2543.6172466000003,296.2862800635274,133.60137168755492,0.2700131902011521,1545.1441053866,-0.000259183,0.018967176,78.65067622226982
1987,21250.941463499214,5340.021508321747,9963.684561229526,2595.6917498,297.91887240745774,136.2332386191041,0.2842961091986912,1598.417095601011,0.010584463,0.096925853,76.92321841152726
1988,22086.03093848602,5171.195821642369,9928.475515729524,2571.0733503,303.38818871228216,137.3416114891441,0.2995830760889734,1655.9529623037936,0.055609312,0.15093587,84.02610254338398
1989,22387.55070189656,4953.545343318875,10042.856258029527,2548.8699836,307.90383853815,136.9834493241679,0.3130459682785337,1706.6959709650223,0.117371927,0.18801116,88.59689716074523
1990,22729.915490563333,4976.803532058914,10117.797132029526,2396.3481176,307.63265585380924,137.53021855631437,0.3244706912842952,1752.66756428177,0.105951871,0.183691019,91.62189051905284
1991,23187.0472811822,4970.189742271475,10043.864497629524,2430.9322082000003,306.06215425844044,134.97202548619123,0.3335262964566653,1786.469490641493,0.104195202,-0.528611176,96.83153975670515
1992,22529.09103208905,5258.219371477099,10109.914367129526,2466.3546117000005,303.34534430000474,130.44078626589467,0.3412499611560945,1813.5658878250945,0.083534446,-1.741204478,95.03203256743056
1993,22756.715270298737,4974.064580332537,10055.798731929526,2463.6740905,303.69606209318704,128.42338745112585,0.3456422918493638,1819.1671297073483,0.034701259,-0.747536443,104.241477678156
1994,22993.884856038952,5889.616447209572,10199.737839029527,2537.2949376,305.5272435891296,125.32855068409393,0.3490520941184601,1811.3229348792167,0.005129601,-0.040998913,114.21354196208028
1995,23533.042956166835,5432.623725719567,10447.734585229526,2652.5164538000004,309.46587362648853,122.85494774751156,0.3519895464704241,1792.7576574946042,-0.000487593,0.132348997,130.6803000466891
1996,24259.157020490147,6012.78683153355,10470.612223129525,2725.6881577000004,315.24653699278764,119.5230503275086,0.3544072071009614,1771.5370089299404,-0.012655272,0.195174714,150.00890369412997
1997,24402.90113872281,7406.867458391268,10396.867801729524,2681.2517853,315.50143879242063,119.25357824524644,0.3559030016109253,1750.1476300725462,0.003701228,0.215744422,168.48908339460124
1998,24304.76874511594,6144.714533083002,10563.548100329524,2668.5397359000003,313.794211523957,116.02314609309308,0.3572345243473964,1746.8307225918916,0.05061655,0.217402831,190.24521091511144
1999,24854.74154575337,6003.159278809729,10542.918992529523,2622.7112721000003,314.2220241071572,110.522498733219,0.3583059664606789,1717.1773197945663,0.085073072,0.220889653,207.6093961068031
2000,25511.59345683874,5297.4349311447295,10423.853062629523,2606.6311302000004,318.7762917200846,109.84385359134814,0.3592521001557028,1697.988511981427,0.110136855,0.221536499,222.4172103969337
2001,25707.34209363784,4765.437070070854,10526.094580029529,2575.1018896000005,320.4295321498007,110.5305909054521,0.3599657540591024,1664.4745980453552,0.099598671,0.216276086,234.42847261286863
2002,26277.94064811393,5128.325272881681,10697.607319629527,2561.2150872,319.2830923559192,109.40796671317445,0.360382564702247,1641.2023363233773,0.104868677,0.22305988,254.63470913901
2003,27670.618517638857,6075.929287218897,10863.189006429524,2635.0009390000005,327.95921862577813,113.77150446393748,0.3604415338637338,1623.499311900271,0.043571881,0.206704845,277.96439658475964
2004,28633.6739424887,5404.208246605111,11213.350444029524,2758.3476286,336.2723564083307,119.1395549893288,0.3602465057078562,1607.4198925330231,0.016789555,0.21761975,303.54598713113614
2005,29615.602170087423,4891.181519395206,11294.767225529524,2825.1890841,341.6899165955876,125.00793026827708,0.3602538949409957,1600.8493737448534,-0.009682365,0.191487296,327.68305551209335
2006,30629.64553553981,5332.36343593629,11398.313811229527,2858.9438498,346.3136797337497,125.66253573638652,0.3601341433538403,1581.5190837312066,-0.015652004,0.175515176,347.76481649979246
2007,31535.930431313744,4594.770148284447,11761.267644529526,2984.7250141,347.65497166962047,124.42643032686722,0.3602277332140967,1569.8509274051216,-0.0271628,0.163320347,367.30134625150936
2008,32075.50697364658,4880.509684073368,11561.460092429526,2886.0375980000003,351.5986252300724,120.88971180668057,0.360403722012098,1552.914816438561,-0.029668862,0.179477208,384.34542711716296
2009,31543.20864132399,5274.195063152023,11432.883135829528,2736.4431664000003,349.66258765166793,111.44329016565442,0.3602822442831363,1533.3872007158216,-0.029721937,0.151295608,395.7493552202854
2010,33357.26414288443,5488.135590140459,11806.172420129527,2836.8955047000004,355.30994062889835,107.73406528334228,0.3601920887433898,1520.4672602401745,-0.007547777,0.184927372,421.2124249871592
2011,34505.94567285054,5278.482118028092,12076.440231929526,2929.5811945000005,360.7196195108196,111.08160888556549,0.3598825337770674,1507.1554266346131,0.026778812,0.145307925,455.978454595004
2012,35001.44811057566,5652.124599523758,12227.355920929524,3018.0116655,366.3291791439997,108.03100170028954,0.3592646000866799,1496.4725890114814,0.041142496,0.182729628,471.4387390065225
2013,35303.09591768931,5116.361824872823,12095.264699129526,3033.1308297,366.4378928376254,103.44648437816264,0.3587904691891815,1483.316635346603,0.049433641,0.205680245,503.3135062779782
2014,35451.54087220487,5396.412768614652,12234.891032129524,3058.9216817,367.97294592320026,98.70851782716603,0.3581280099599334,1470.044697359597,0.059315907,0.187819398,531.4004393320779
2015,35406.341254469604,5531.8122517838265,12281.301800629524,3052.6374112000003,368.65396793808304,93.2798271501126,0.3572155074946073,1461.5253106495252,0.02942091,0.157038124,571.3088358397642
2016,35418.10084019458,4406.432865694756,12337.993771129524,3059.3358787,369.47034584389945,89.87608482592269,0.3562818377079126,1460.4421198861492,-0.007377415,0.178190712,606.1888149643363
2017,35991.36602341488,4231.194917448608,12562.323369229529,3095.9304458000006,372.318682440946,86.8979381615511,0.3553259976623947,1444.710495895543,-0.01725677,0.204682078,649.8984271038513
2018,36731.92492341496,3844.874478798072,12492.500936529526,3141.8311881,376.656867672478,85.3021592508433,0.3542753759263312,1433.5381605756331,-0.021257743,0.18670517,681.8664386560755
2019,37105.79146765052,3786.898473860808,12519.816527829526,3163.9206854,377.1828931536587,83.4784659400165,0.352630883897,1418.886,-0.021963061,0.133221449,714.9996743879857
2020,35127.9590523345,3439.13404797389,12656.527870529526,3123.3844951000005,372.2292557338464,71.60664660568081,0.350342991647,1414.1215000000002,-0.016758823,0.096303611,705.6151085357203
2021,36993.24528470531,3552.9242096630505,12764.156067529526,3256.9124701,375.1168371918427,74.40329229895798,0.348039773457,1400.5053,0.019767054,0.153447806,772.7007509229685
2022,37295.35774261284,3541.180610622195,12893.123199629526,3259.9832952000006,378.42950280872986,75.51027507599507,0.345645143407,1388.3156,0.059602872,0.095918162,801.1690873254081
